{"cameraMode":{"drawMode":0,"name":"Shaded","section":"Shading Mode"},"sceneLighting":false,"audioPlay":false,"sceneViewState":{"m_AlwaysRefresh":false,"showFog":true,"showSkybox":false,"showFlares":true,"showImageEffects":true,"showParticleSystems":true,"showVisualEffectGraphs":true,"m_FxEnabled":true},"in2DMode":false,"pivot":{"x":474.303955078125,"y":2909.43603515625,"z":45.322052001953128},"rotation":{"x":0.058496810495853427,"y":0.029866700991988183,"z":-0.0017507500015199185,"w":0.9978389739990234},"size":684.1715698242188,"orthographic":false}